Conv0 active,Conv0 num filters,Conv0 batch normalization,Conv0 activation,Conv0 dropout,Conv0 max pooling,Conv1 active,Conv1 num filters,Conv1 batch normalization,Conv1 activation,Conv1 dropout,Conv1 max pooling,Conv2 active,Conv2 num filters,Conv2 batch normalization,Conv2 activation,Conv2 dropout,Conv2 max pooling,Dense0 active,Dense0 num nodes,Dense0 batch normalization,Dense0 activation,Dense0 dropout,Dense1 active,Dense1 num nodes,Dense1 batch normalization,Dense1 activation,Dense1 dropout,Optimizer,Val Loss,Val Accuracy
1,16,1,1,0,1,1,128,1,0,0,2,0,32,0,0,0,0,1,128,0,0,0,0,32,1,0,1,0,8.442103601129142,0.47623442543174577
1,32,1,0,0,2,1,16,0,1,0,0,1,128,0,1,2,1,1,64,0,0,0,0,64,0,1,2,0,0.6920827445369961,0.5237655742519398
1,64,1,0,0,2,1,16,0,1,0,0,1,128,0,1,2,1,1,64,0,0,1,0,64,0,1,2,0,8.442103601129142,0.47623442543174577
1,16,1,1,0,1,1,128,1,0,0,2,0,32,0,0,0,0,1,128,0,0,0,0,32,1,0,1,0,7.675991986938815,0.5237655742519398
1,16,1,1,0,0,1,128,1,0,0,2,0,32,0,0,0,0,1,128,0,0,0,0,32,1,0,1,0,0.14132165881307873,0.9912321181356715
1,64,1,0,0,2,1,16,0,1,0,0,1,128,0,1,2,1,1,64,0,0,1,0,64,0,1,2,0,8.442103601129142,0.47623442543174577
